"Qubit","T1 (us)","T2 (us)","Frequency (GHz)","Anharmonicity (GHz)","Readout assignment error ","Prob meas0 prep1 ","Prob meas1 prep0 ","Readout length (ns)","ID error ","Z-axis rotation (rz) error ","âˆšx (sx) error ","Pauli-X error ","ECR error ","Gate time (ns)","Operational"
"0","339.7303909967128","321.30289893413277","4.831736790232578","-0.30860091520604865","0.009765625","0.00830078125","0.01123046875","1600","0.00014518028184346061","0","0.00014518028184346061","0.00014518028184346061","0_14:0.007615841586803174","0_14:660","true"
"1","544.1077028853149","78.5353750008153","4.735897218567293","-0.3106735526140353","0.09423828125","0.1328125","0.0556640625","1600","0.0004105537766871376","0","0.0004105537766871376","0.0004105537766871376","1_0:0.006325261158073192","1_0:660","true"
"2","104.23828616776086","82.10570597709392","4.860573319857738","-0.30815586785193605","0.045654296875","0.0751953125","0.01611328125","1600","0.000366108437411292","0","0.000366108437411292","0.000366108437411292","2_1:0.01119187469987204;2_3:0.009098341268070576","2_1:660;2_3:660","true"
"3","318.58150639052155","100.64199155815803","4.68081603222143","-0.3117956042789839","0.0517578125","0.0517578125","0.0517578125","1600","0.0002955498283343709","0","0.0002955498283343709","0.0002955498283343709","3_4:0.00920298473515263","3_4:660","true"
"4","311.232968290641","240.71615073407335","4.846665901468162","-0.3089581979409952","0.010986328125","0.0146484375","0.00732421875","1600","0.00015667950980820589","0","0.00015667950980820589","0.00015667950980820589","4_5:0.004501793250883013","4_5:660","true"
"5","199.5578712712585","142.6485986043099","4.718028625392371","-0.310577093532681","0.008056640625","0.00244140625","0.013671875","1600","0.00010983160604219226","0","0.00010983160604219226","0.00010983160604219226","","","true"
"6","547.8109489777063","372.98752599965457","4.6364338543501065","-0.3106205490386331","0.011474609375","0.01416015625","0.0087890625","1600","0.00009070301814418143","0","0.00009070301814418143","0.00009070301814418143","6_5:0.00924342223458563;6_7:0.004531793853953803","6_5:660;6_7:660","true"
"7","364.85998330266364","70.76374157514816","4.755428246318946","-0.30909078313021016","0.009033203125","0.01123046875","0.0068359375","1600","0.00013415044656510768","0","0.00013415044656510768","0.00013415044656510768","7_8:0.005990410365606769","7_8:660","true"
"8","280.7371761550164","32.173932398309496","4.850733269064619","-0.3089940151149966","0.05908203125","0.1015625","0.0166015625","1600","0.0002280662442032643","0","0.0002280662442032643","0.0002280662442032643","8_16:0.010513020568429676","8_16:660","true"
"9","449.3221995752678","34.01223257836092","4.594466642583733","-0.31335701694782153","0.046875","0.07763671875","0.01611328125","1600","0.00018712055031707979","0","0.00018712055031707979","0.00018712055031707979","9_8:0.00980216322143096;9_10:0.011733875753088763","9_8:660;9_10:660","true"
"10","260.62625465780746","301.36265160827315","4.723787785165566","-0.31036231695754807","0.04931640625","0.03173828125","0.06689453125","1600","0.0014231024966718563","0","0.0014231024966718563","0.0014231024966718563","","","true"
"11","249.20174869499954","52.780878286875","4.6225256176080025","-0.3054330870259268","0.02734375","0.0390625","0.015625","1600","0.0002664215313931879","0","0.0002664215313931879","0.0002664215313931879","11_10:0.016559978566360323","11_10:660","true"
"12","308.58510511502135","71.72339647465421","4.664583951842157","-0.31179147161747606","0.083984375","0.15478515625","0.01318359375","1600","0.00029005976503471115","0","0.00029005976503471115","0.00029005976503471115","12_13:0.005106054729462073;12_17:0.013332540742902355;12_11:0.00813076927483447","12_13:660;12_17:660;12_11:660","true"
"13","458.3943087385703","70.09756806334353","4.547347331423941","-0.31263942489957386","0.0732421875","0.1416015625","0.0048828125","1600","0.00028327970820895074","0","0.00028327970820895074","0.00028327970820895074","","","true"
"14","142.60367781241035","49.438868281452756","4.9470206298710195","-0.3068704872695069","0.044921875","0.06640625","0.0234375","1600","0.00044040550050927595","0","0.00044040550050927595","0.00044040550050927595","14_18:0.007499490081754767","14_18:660","true"
"15","615.0593068653217","46.828773527844554","4.653617494022725","-0.3123903340927562","0.041259765625","0.05908203125","0.0234375","1600","0.00046121838768225745","0","0.00046121838768225745","0.00046121838768225745","15_4:0.02553503925446643;15_22:0.012711869096438566","15_4:660;15_22:660","true"
"16","512.602569498963","169.90331838750825","4.606477377641787","-0.3113554066882175","0.008544921875","0.00927734375","0.0078125","1600","0.00019858077248961423","0","0.00019858077248961423","0.00019858077248961423","","","true"
"17","288.5555673806131","348.3167648640274","4.897142536015629","-0.3069253529005603","0.007080078125","0.00927734375","0.0048828125","1600","0.00013815602193588365","0","0.00013815602193588365","0.00013815602193588365","","","true"
"18","342.8590870718146","353.8521688536632","4.860681503440183","-0.3088715365068852","0.0888671875","0.14794921875","0.02978515625","1600","0.00043400106196300384","0","0.00043400106196300384","0.00043400106196300384","18_19:0.009549195282997303","18_19:372","true"
"19","441.76943667409614","10.747922278400035","4.612700385192634","-0.31243870301434334","0.1103515625","0.1572265625","0.0634765625","1600","0.0005828927099075819","0","0.0005828927099075819","0.0005828927099075819","19_20:0.0371304210825783","19_20:660","true"
"20","230.6259862738301","13.161580484278728","4.850853826845639","-0.30788100126352075","0.0908203125","0.14013671875","0.04150390625","1600","0.0008533417901748603","0","0.0008533417901748603","0.0008533417901748603","20_21:0.01950393867086392","20_21:660","true"
"21","541.3614616872223","18.4431138724449","4.6776877862721316","-0.3101214218703803","0.02001953125","0.02587890625","0.01416015625","1600","0.0003735334659149351","0","0.0003735334659149351","0.0003735334659149351","21_22:0.013199628656242246","21_22:660","true"
"22","502.47389822677866","63.050929587400624","4.7365532470798595","-0.3122176733536358","0.02734375","0.0400390625","0.0146484375","1600","0.00032674399588449363","0","0.00032674399588449363","0.00032674399588449363","","","true"
"23","468.2950954092936","94.7505133858606","4.651589882103513","","0.006591796875","0.0029296875","0.01025390625","1600","0.0005249298551303516","0","0.0005249298551303516","0.0005249298551303516","23_22:0.024934425619529077;23_24:0.01444708222022184","23_22:660;23_24:660","true"
"24","326.3829721073305","40.9064461357574","4.855366053787664","-0.3079346223460502","0.011474609375","0.01318359375","0.009765625","1600","0.00017128279133914702","0","0.00017128279133914702","0.00017128279133914702","","","true"
"25","144.943389130799","16.657436705316798","4.709865553996881","-0.2848927503604122","0.069091796875","0.09521484375","0.04296875","1600","0.0007705836696755309","0","0.0007705836696755309","0.0007705836696755309","25_24:0.02387561251461945;25_26:0.018343410159513462","25_24:660;25_26:660","true"
"26","224.17388953131137","187.0375506600288","4.756363365159048","-0.31000973903762974","0.0283203125","0.04345703125","0.01318359375","1600","0.0002260189741086483","0","0.0002260189741086483","0.0002260189741086483","26_16:0.01262956263150744;26_27:0.009920600355681042","26_16:660;26_27:660","true"
"27","360.64359292977247","38.24518526053112","4.797290551504555","-0.31968596136192556","0.06884765625","0.1318359375","0.005859375","1600","0.0003145907488097769","0","0.0003145907488097769","0.0003145907488097769","","","true"
"28","384.7375191524057","20.729597551813278","4.664360502457754","-0.3106841533411735","0.219970703125","0.09814453125","0.341796875","1600","0.001321999657097284","0","0.001321999657097284","0.001321999657097284","28_27:0.015568903657500022;28_35:0.01899914686679005","28_27:660;28_35:660","true"
"29","418.07860358509447","313.0227722409648","4.716942057529248","-0.30977802445004876","0.026611328125","0.0390625","0.01416015625","1600","0.0001828251533828086","0","0.0001828251533828086","0.0001828251533828086","29_28:0.005706873724708239;29_30:0.004629515717526678","29_28:660;29_30:660","true"
"30","314.9387409277295","41.27278015930809","4.797527187656352","-0.30977891218255116","0.005859375","0.00341796875","0.00830078125","1600","0.00016045007321562548","0","0.00016045007321562548","0.00016045007321562548","30_31:0.00783048365917799;30_17:0.007913554922937993","30_31:660;30_17:660","true"
"31","325.7025468462394","318.72964988116865","4.907966539867108","-0.30756583534654586","0.022705078125","0.021484375","0.02392578125","1600","0.0001679491275360851","0","0.0001679491275360851","0.0001679491275360851","31_32:0.004731234233888104","31_32:660","true"
"32","223.66198490381723","324.99903330609754","5.009134581771224","-0.30520156901294854","0.016357421875","0.0244140625","0.00830078125","1600","0.00015580544871173063","0","0.00015580544871173063","0.00015580544871173063","","","true"
"33","279.920880123261","30.219935795166947","4.797314421322878","-0.3085355870243786","0.0234375","0.03515625","0.01171875","1600","0.0005852716869991572","0","0.0005852716869991572","0.0005852716869991572","33_20:0.15907267541473352","33_20:660","true"
"34","467.7082522593846","287.88082311643194","4.687204219894784","-0.31139369332021377","0.03369140625","0.0576171875","0.009765625","1600","0.00018841870983495336","0","0.00018841870983495336","0.00018841870983495336","34_43:0.007786923197484141;34_24:0.005803761650551464","34_43:660;34_24:660","true"
"35","477.97528236132365","26.72109479159296","4.887027517841107","-0.3078655696247972","0.0224609375","0.0205078125","0.0244140625","1600","0.0002643284592618539","0","0.0002643284592618539","0.0002643284592618539","","","true"
"36","339.19335155637697","418.5880787393189","4.948878068975933","-0.30596797313866086","0.013427734375","0.01904296875","0.0078125","1600","0.00015312707336028676","0","0.00015312707336028676","0.00015312707336028676","36_51:0.004255254649986828;36_32:0.0047493346008806725","36_51:660;36_32:660","true"
"37","495.1781084033701","13.183975919634841","4.534229776430735","-0.29177040681340605","0.043701171875","0.05908203125","0.0283203125","1600","0.0007935527244197695","0","0.0007935527244197695","0.0007935527244197695","37_52:0.01613266327530327","37_52:660","true"
"38","42.68132459690272","160.14825059490812","4.715625040717387","-0.30986057752009377","0.5009765625","0.07421875","0.927734375","1600","0.10411180630792109","0","0.10411180630792109","0.10411180630792109","38_39:1;38_37:1","38_39:660;38_37:660","true"
"39","255.94956565408972","18.726172323401226","4.623789915167615","-0.28585001719002234","0.1044921875","0.16064453125","0.04833984375","1600","0.0006104073343788651","0","0.0006104073343788651","0.0006104073343788651","39_33:0.026666663165740345;39_40:0.032702883021612617","39_33:660;39_40:660","true"
"40","516.3600204178823","156.28814980916758","4.816082876327712","-0.3091327061151583","0.014892578125","0.02294921875","0.0068359375","1600","0.00017488982571641014","0","0.00017488982571641014","0.00017488982571641014","40_41:0.00394923887141746","40_41:660","true"
"41","303.4788033710567","282.5856273674384","4.678114682557897","-0.3108507756100702","0.04443359375","0.07177734375","0.01708984375","1600","0.00014673414129318023","0","0.00014673414129318023","0.00014673414129318023","","","true"
"42","337.6362215464419","149.2856814670231","4.803011874159608","-0.3092111902397467","0.180908203125","0.3564453125","0.00537109375","1600","0.001384399699993864","0","0.001384399699993864","0.001384399699993864","42_41:0.008510146128629825;42_43:0.00791941385977779","42_41:660;42_43:660","true"
"43","360.58653411272337","287.65646221678855","4.9236002577385625","-0.3078613125382503","0.029541015625","0.05224609375","0.0068359375","1600","0.0001442467118036528","0","0.0001442467118036528","0.0001442467118036528","","","true"
"44","399.38965809381216","58.98326022480252","4.811290264923118","-0.30871971702871737","0.01318359375","0.0166015625","0.009765625","1600","0.000127135263658019","0","0.000127135263658019","0.000127135263658019","44_43:0.0070291964099586934","44_43:660","true"
"45","196.61286738079392","302.2473485673322","4.59991235921161","-0.31302116112013934","0.051513671875","0.03173828125","0.0712890625","1600","0.00016199910133999788","0","0.00016199910133999788","0.00016199910133999788","45_44:0.005064401615574532","45_44:660","true"
"46","424.2168074442698","429.49428429306255","4.658324777909612","-0.31246692996630254","0.017822265625","0.0322265625","0.00341796875","1600","0.0004766258107418363","0","0.0004766258107418363","0.0004766258107418363","46_45:0.004478677462731617","46_45:660","true"
"47","188.34762605654598","20.447638859989585","4.798899652159733","-0.3101630942689849","0.015869140625","0.02392578125","0.0078125","1600","0.00025847852026989366","0","0.00025847852026989366","0.00025847852026989366","47_35:0.008222136385146406;47_46:0.0075657449250975395","47_35:660;47_46:660","true"
"48","173.7626777537605","202.19315193977624","4.7553110486509516","-0.30932393852768447","0.03125","0.0439453125","0.0185546875","1600","0.0003743204473411385","0","0.0003743204473411385","0.0003743204473411385","48_47:0.007652844903693334;48_49:0.01592336804047012","48_47:660;48_49:660","true"
"49","138.1529808211373","51.74348903186093","4.958404870163951","-0.3073761509923654","0.01318359375","0.01416015625","0.01220703125","1600","0.0005350394883020383","0","0.0005350394883020383","0.0005350394883020383","49_55:0.007775962145039617;49_50:0.0093374281766343","49_55:660;49_50:660","true"
"50","289.7539888472588","238.76576808094538","4.815666172259911","-0.3083436301833214","0.0341796875","0.06005859375","0.00830078125","1600","0.00013342963850659497","0","0.00013342963850659497","0.00013342963850659497","","","true"
"51","283.68199158769977","381.526249583934","4.75724248177936","-0.30936293919581115","0.007080078125","0.005859375","0.00830078125","1600","0.00016881802916365383","0","0.00016881802916365383","0.00016881802916365383","51_50:0.005194120220089915","51_50:660","true"
"52","254.43222477583024","185.61830231882044","4.748702693234645","-0.3097333569449071","0.013427734375","0.01953125","0.00732421875","1600","0.00018001735487260123","0","0.00018001735487260123","0.00018001735487260123","","","true"
"53","255.84658051156006","178.77686764557532","4.935537863414558","-0.30614628774420294","0.059326171875","0.06640625","0.05224609375","1600","0.0008969104307900383","0","0.0008969104307900383","0.0008969104307900383","53_41:0.008141266312130191;53_60:0.007699279925031999","53_41:660;53_60:660","true"
"54","399.82972327436005","293.136608666012","4.748215564982495","-0.312103878074553","0.02392578125","0.0400390625","0.0078125","1600","0.00013695653378821906","0","0.00013695653378821906","0.00013695653378821906","54_45:0.005268510068256016","54_45:660","true"
"55","360.3125706258797","388.39240345498615","4.885606042904957","-0.3074389359843561","0.00927734375","0.0107421875","0.0078125","1600","0.0002579155886224694","0","0.0002579155886224694","0.0002579155886224694","55_68:0.005874752334778688","55_68:660","true"
"56","153.2708860731267","195.31141061145948","4.97211683033937","-0.3066984072593116","0.00927734375","0.00927734375","0.00927734375","1600","0.00045751728250925704","0","0.00045751728250925704","0.00045751728250925704","56_57:0.031065617794959977;56_52:0.016738402053977974","56_57:660;56_52:660","true"
"57","340.9660932364446","76.90165334888162","4.751936275936385","-0.30930834476051017","0.00927734375","0.009765625","0.0087890625","1600","0.0003497604387416034","0","0.0003497604387416034","0.0003497604387416034","57_58:0.021681162414495636","57_58:660","true"
"58","259.40142212836423","183.82024777371777","4.855738465890496","-0.30870592613778314","0.012939453125","0.0146484375","0.01123046875","1600","0.00025627669513959335","0","0.00025627669513959335","0.00025627669513959335","","","true"
"59","513.647205949418","376.58082729814805","4.7012326906653215","-0.30987297232409344","0.025634765625","0.0478515625","0.00341796875","1600","0.0002443291333087793","0","0.0002443291333087793","0.0002443291333087793","59_58:0.012712430500660676;59_60:0.005077395647555771","59_58:660;59_60:660","true"
"60","232.10195103946538","143.54419402114473","4.843903350833851","-0.3086378714268149","0.02685546875","0.0439453125","0.009765625","1600","0.00016413295889863958","0","0.00016413295889863958","0.00016413295889863958","60_61:0.005127268202989588","60_61:660","true"
"61","437.108000040162","223.9399252038135","4.790507842538079","-0.3089933751290032","0.0146484375","0.02490234375","0.00439453125","1600","0.00010926006288045939","0","0.00010926006288045939","0.00010926006288045939","61_62:0.005589553481872012","61_62:660","true"
"62","274.36461406285423","215.89297002177696","4.68255255990219","-0.3107628812666313","0.35302734375","0.4208984375","0.28515625","1600","0.00018804845950710385","0","0.00018804845950710385","0.00018804845950710385","","","true"
"63","510.28181855907536","263.4697942060394","4.761054034673649","-0.31004626423994786","0.010498046875","0.01318359375","0.0078125","1600","0.00011022865611228525","0","0.00011022865611228525","0.00011022865611228525","63_62:0.004009522389871734;63_64:0.008771209518351086","63_62:660;63_64:660","true"
"64","112.75721082631804","139.638646839432","4.977467775926323","-0.30711821418459645","0.015869140625","0.01953125","0.01220703125","1600","0.00023821505426911273","0","0.00023821505426911273","0.00023821505426911273","64_54:0.006373592575030174","64_54:660","true"
"65","295.5608881067665","187.98405525674278","4.801780697357554","-0.3079909228056931","0.029296875","0.04443359375","0.01416015625","1600","0.00013983863224785695","0","0.00013983863224785695","0.00013983863224785695","65_64:0.008472826061972027","65_64:660","true"
"66","305.8946166917644","302.23443828340095","4.8708007159219315","-0.30852944230920076","0.007568359375","0.0087890625","0.00634765625","1600","0.00024570044500674246","0","0.00024570044500674246","0.00024570044500674246","66_73:0.004891250505282108;66_65:0.010010898826672998;66_67:0.00985472228659312","66_73:660;66_65:660;66_67:660","true"
"67","258.90699524761993","258.0195412187567","4.7930446935588344","-0.30952495731223595","0.273681640625","0.40478515625","0.142578125","1600","0.00012362687446200904","0","0.00012362687446200904","0.00012362687446200904","67_68:0.012582890022449833","67_68:660","true"
"68","253.5473637571113","291.24024456947365","5.043784482364454","-0.30500623650344527","0.032958984375","0.05712890625","0.0087890625","1600","0.00022137681051787825","0","0.00022137681051787825","0.00022137681051787825","","","true"
"69","161.1332722729954","215.1618674606276","4.887817113066793","-0.30735510338085625","0.0185546875","0.01904296875","0.01806640625","1600","0.0006284028517012031","0","0.0006284028517012031","0.0006284028517012031","69_68:0.021956732778997567;69_70:0.0072113292476991275","69_68:660;69_70:660","true"
"70","255.53101443276665","227.3544079654487","4.82330932638434","-0.30829680465134995","0.06982421875","0.1083984375","0.03125","1600","0.0001187571610080927","0","0.0001187571610080927","0.0001187571610080927","","","true"
"71","465.9079354993581","322.6278298274993","4.752068647895297","-0.3097318915397958","0.006591796875","0.00830078125","0.0048828125","1600","0.0002256034051824387","0","0.0002256034051824387","0.0002256034051824387","71_58:0.01221751322274689","71_58:660","true"
"72","223.76427553041393","253.60257917845863","4.949843165414366","-0.3068859707445303","0.17333984375","0.26318359375","0.08349609375","1600","0.00032969519966297454","0","0.00032969519966297454","0.00032969519966297454","72_81:0.02402640626661265;72_62:0.15154472414234738","72_81:660;72_62:660","true"
"73","379.1684698341031","350.5844893924866","4.753128514223429","-0.30978559929392785","0.009033203125","0.0107421875","0.00732421875","1600","0.00014172514504359006","0","0.00014172514504359006","0.00014172514504359006","73_85:0.004377573838588167","73_85:660","true"
"74","280.79802734993416","378.1015147728859","4.750734372525132","-0.309208739533841","0.01123046875","0.00390625","0.0185546875","1600","0.000130975873829772","0","0.000130975873829772","0.000130975873829772","74_70:0.0033826698195314475;74_89:0.004341099627258038","74_70:660;74_89:660","true"
"75","249.18664533650585","124.38854739808103","4.861799006156675","-0.3073400666893039","0.02001953125","0.02001953125","0.02001953125","1600","0.00034979283647912406","0","0.00034979283647912406","0.00034979283647912406","","","true"
"76","21.570117098668906","215.42611867602645","4.939451339136555","-0.30750720610086735","0.008056640625","0.00390625","0.01220703125","1600","0.002597784355966943","0","0.002597784355966943","0.002597784355966943","76_75:0.03934083139112987","76_75:660","true"
"77","477.4491599560242","335.43564297517725","4.827506324987177","-0.3097125098855301","0.00634765625","0.005859375","0.0068359375","1600","0.00012234466927859075","0","0.00012234466927859075","0.00012234466927859075","77_76:0.053715973707892994;77_71:0.009548240384501305","77_76:660;77_71:660","true"
"78","310.8122423328748","155.9631719975239","4.792417624230582","-0.30890316850677096","0.02099609375","0.013671875","0.0283203125","1600","0.0007686600924125926","0","0.0007686600924125926","0.0007686600924125926","78_77:0.005499185605375878","78_77:660","true"
"79","264.06207918796815","61.27741380737055","4.870722662247821","-0.3085467634046332","0.056640625","0.06591796875","0.04736328125","1600","0.004039407746347919","0","0.004039407746347919","0.004039407746347919","79_78:0.01811278015579415;79_91:0.030837358467129566","79_78:660;79_91:660","true"
"80","178.07550027847083","78.80237376388224","4.830507976241019","-0.3083070407011","0.032958984375","0.0439453125","0.02197265625","1600","0.0005634039589304724","0","0.0005634039589304724","0.0005634039589304724","80_79:0.04885279342839727","80_79:660","true"
"81","421.4958399814312","91.7639510929204","4.697269977262091","-0.31086659359752655","0.0732421875","0.0849609375","0.0615234375","1600","0.00011808390485322108","0","0.00011808390485322108","0.00011808390485322108","81_80:0.008914133900853882","81_80:660","true"
"82","274.3547090764952","7.63894895016483","4.951921779076352","-0.3068207625988667","0.113037109375","0.212890625","0.01318359375","1600","0.00022981895621711207","0","0.00022981895621711207","0.00022981895621711207","82_81:0.008970180559329938;82_83:0.0055445115358888075","82_81:660;82_83:660","true"
"83","389.1004760217573","189.91538706665554","5.014800443997107","-0.3069501779452577","0.020751953125","0.029296875","0.01220703125","1600","0.00020601296595243275","0","0.00020601296595243275","0.00020601296595243275","","","true"
"84","294.54918792336883","54.41872735206208","4.905163647380966","-0.3067980449106979","0.01708984375","0.0224609375","0.01171875","1600","0.0001807071567463703","0","0.0001807071567463703","0.0001807071567463703","84_83:0.005480554254909675;84_85:0.004906585984496781","84_83:660;84_85:660","true"
"85","270.0230770234896","293.84799368318613","4.860074521504568","-0.30863044712933246","0.00830078125","0.00830078125","0.00830078125","1600","0.0001361876372472025","0","0.0001361876372472025","0.0001361876372472025","","","true"
"86","444.54087162843854","388.2033338718584","4.7013812335734535","-0.31071005242081995","0.030029296875","0.04638671875","0.013671875","1600","0.0004533618150832654","0","0.0004533618150832654","0.0004533618150832654","86_85:0.006955886768327202;86_87:0.00643413249695074","86_85:660;86_87:660","true"
"87","469.4212618094034","285.6213863377236","4.666038990792425","-0.31178405546432586","0.061767578125","0.11328125","0.01025390625","1600","0.00017379420139254143","0","0.00017379420139254143","0.00017379420139254143","87_93:0.005849592753256694","87_93:660","true"
"88","189.29395180255958","213.76547111906305","4.806600832759705","-0.3090566471901403","0.0029296875","0.00341796875","0.00244140625","1600","0.00021357918441474528","0","0.00021357918441474528","0.00021357918441474528","88_87:0.005048772538936375;88_89:0.00444218659428236","88_87:660;88_89:660","true"
"89","444.4657304415105","338.6024832823464","4.612696671610293","-0.3120623117862136","0.017822265625","0.0341796875","0.00146484375","1600","0.00013815064366312619","0","0.00013815064366312619","0.00013815064366312619","","","true"
"90","173.59759413094693","42.434691804661675","4.711841308962568","-0.3099694238593608","0.02490234375","0.0205078125","0.029296875","1600","0.0003607859971255298","0","0.0003607859971255298","0.0003607859971255298","90_94:0.0086280394239176;90_75:0.011237822818020493","90_94:660;90_75:660","true"
"91","252.15556614445092","14.376236009655422","4.984029132229215","-0.36918699668251537","0.202392578125","0.31005859375","0.0947265625","1600","0.001901537370195309","0","0.001901537370195309","0.001901537370195309","91_98:0.13844562673600297","91_98:660","true"
"92","196.11726087989038","7.713476486643907","4.771429680067615","-0.3094332092151604","0.017578125","0.021484375","0.013671875","1600","0.00021072310997855633","0","0.00021072310997855633","0.00021072310997855633","92_83:0.007867769921801215;92_102:0.01054631625409369","92_83:660;92_102:660","true"
"93","290.8263198311185","275.7504780518227","4.787585911461094","-0.30884806165403966","0.01611328125","0.02099609375","0.01123046875","1600","0.00011985735579613168","0","0.00011985735579613168","0.00011985735579613168","","","true"
"94","222.5537646375646","324.4038372942246","4.8087447870115145","-0.30907384238092234","0.05029296875","0.08642578125","0.01416015625","1600","0.000648208166804228","0","0.000648208166804228","0.000648208166804228","","","true"
"95","497.91402938833284","454.2038886736482","4.743748795486078","-0.3100716595194284","0.050537109375","0.0859375","0.01513671875","1600","0.00018182165476453494","0","0.00018182165476453494","0.00018182165476453494","95_94:0.012522541580978375;95_96:0.012315567010373507","95_94:660;95_96:660","true"
"96","315.7053621916224","24.292482613536283","4.8743059051337525","-0.3076167709526163","0.0244140625","0.033203125","0.015625","1600","0.00009986510124882632","0","0.00009986510124882632","0.00009986510124882632","96_97:0.016542059387332775;96_109:0.00459683377661918","96_97:660;96_109:660","true"
"97","167.56973024885278","15.762525942042938","4.670020512975401","-0.37893034503896755","0.078125","0.048828125","0.107421875","1600","0.0008116232853048857","0","0.0008116232853048857","0.0008116232853048857","","","true"
"98","248.4661497318186","38.725057933170994","4.9352056038527765","-0.3072350372364682","0.11767578125","0.205078125","0.0302734375","1600","0.0004762921390691899","0","0.0004762921390691899","0.0004762921390691899","98_97:0.020795782300180754","98_97:660","true"
"99","257.3513166465335","92.55368720108521","4.807951097849084","-0.30824893727678815","0.02197265625","0.0302734375","0.013671875","1600","0.0002329322880101707","0","0.0002329322880101707","0.0002329322880101707","99_100:0.010416008213576744;99_98:0.012667234010750539","99_100:660;99_98:660","true"
"100","382.6613804619086","95.28857465236457","4.7478239430459785","-0.3099078705652482","0.02099609375","0.021484375","0.0205078125","1600","0.0005205953551404162","0","0.0005205953551404162","0.0005205953551404162","","","true"
"101","243.05576122805894","277.55716800894464","4.990453712030686","-0.306444397256142","0.02490234375","0.0390625","0.0107421875","1600","0.00017527025245937515","0","0.00017527025245937515","0.00017527025245937515","101_100:0.008132100782762608;101_102:0.008135514018425827","101_100:660;101_102:660","true"
"102","129.38362803439063","56.61674100826242","4.922657269518822","-0.3074867003835158","0.058837890625","0.10205078125","0.015625","1600","0.0006365955973540239","0","0.0006365955973540239","0.0006365955973540239","102_103:0.011100584221098608","102_103:660","true"
"103","311.63427256503286","70.42643986419687","4.840336723312502","-0.30716759041448993","0.108642578125","0.15771484375","0.0595703125","1600","0.00017100892081219857","0","0.00017100892081219857","0.00017100892081219857","103_104:0.0073374516058247186","103_104:660","true"
"104","218.6509723669043","53.51457482220763","4.906991219803745","-0.30828398725520767","0.01708984375","0.01953125","0.0146484375","1600","0.00018844830803419905","0","0.00018844830803419905","0.00018844830803419905","104_105:0.011467983628753842","104_105:660","true"
"105","425.94179511089806","78.84995699020543","4.661547584993922","-0.31082105389102754","0.08837890625","0.1162109375","0.060546875","1600","0.0006666446309346309","0","0.0006666446309346309","0.0006666446309346309","105_106:0.018873929511602272","105_106:660","true"
"106","399.46577101309254","219.35181375711653","4.922647390363401","-0.3069958315991505","0.017333984375","0.0234375","0.01123046875","1600","0.0005417892886447571","0","0.0005417892886447571","0.0005417892886447571","106_93:0.006012618930965552;106_107:0.007927485345912533","106_93:660;106_107:660","true"
"107","294.959315352361","261.79872797733816","4.963764108452163","-0.3060643246904622","0.02490234375","0.03125","0.0185546875","1600","0.00015887656996055213","0","0.00015887656996055213","0.00015887656996055213","107_108:0.01034564949458544","107_108:660","true"
"108","239.25192146612852","36.392538113861626","4.823207164259019","-0.2949420457953613","0.055908203125","0.0712890625","0.04052734375","1600","0.0006914086575277233","0","0.0006914086575277233","0.0006914086575277233","","","true"
"109","196.12015375879986","229.36346911975505","4.994550084875372","-0.305720115996645","0.011962890625","0.013671875","0.01025390625","1600","0.00014960358038798374","0","0.00014960358038798374","0.00014960358038798374","109_114:0.004576569840788303","109_114:660","true"
"110","222.08575760909451","156.3943457494527","4.988899592691328","-0.30588796504693644","0.043701171875","0.06005859375","0.02734375","1600","0.00024335470850698164","0","0.00024335470850698164","0.00024335470850698164","110_118:0.007154480106156824;110_100:0.010450136494478734","110_118:660;110_100:660","true"
"111","169.3065311105792","218.84750494394154","4.870704226505137","-0.3079400626926404","0.029052734375","0.021484375","0.03662109375","1600","0.0003233469033585732","0","0.0003233469033585732","0.0003233469033585732","111_104:0.007066346158987269;111_122:0.027014923187185125","111_104:660;111_122:660","true"
"112","267.78916306910565","100.05613214522687","4.864456817286585","-0.30748543555920793","0.016357421875","0.0185546875","0.01416015625","1600","0.00043711360201548655","0","0.00043711360201548655","0.00043711360201548655","112_108:0.02673029211072514","112_108:660","true"
"113","461.55299222101854","288.9207438807795","4.834851719147081","-0.3092919791308059","0.017578125","0.02490234375","0.01025390625","1600","0.00021734538845824365","0","0.00021734538845824365","0.00021734538845824365","113_114:0.01930743170734439","113_114:660","true"
"114","206.95468874136046","31.074923574691294","5.084798299411251","-0.30448707785321494","0.12890625","0.21337890625","0.04443359375","1600","0.00023165510021993897","0","0.00023165510021993897","0.00023165510021993897","","","true"
"115","262.96524954385825","90.30338539362396","4.8327186332659515","-0.3084662939367489","0.07373046875","0.1328125","0.0146484375","1600","0.0006209103162297669","0","0.0006209103162297669","0.0006209103162297669","115_114:0.017686805453343335","115_114:660","true"
"116","249.79102337852783","222.05300544588087","5.004835016663549","-0.30529127817473867","0.016357421875","0.0205078125","0.01220703125","1600","0.00023095205325032703","0","0.00023095205325032703","0.00023095205325032703","116_115:0.007517230945416731;116_117:0.008966472424989103","116_115:660;116_117:660","true"
"117","278.2157989364833","92.0221901953763","4.820181422666158","-0.30793455769315914","0.099365234375","0.171875","0.02685546875","1600","0.00045660385521861997","0","0.00045660385521861997","0.00045660385521861997","","","true"
"118","164.31416717206105","170.11574087204175","4.892188664641035","-0.3081199779354357","0.0126953125","0.017578125","0.0078125","1600","0.0002648511938354251","0","0.0002648511938354251","0.0002648511938354251","118_117:0.011348944135677719;118_119:0.006056099709895901","118_117:660;118_119:660","true"
"119","226.7907184757795","250.74040002461896","5.107368095465299","-0.3047984938795036","0.011962890625","0.01123046875","0.0126953125","1600","0.00019052773820462735","0","0.00019052773820462735","0.00019052773820462735","","","true"
"120","15.980794004368814","29.55726467825275","4.959593785141844","-0.3056954733082303","0.011962890625","0.009765625","0.01416015625","1600","0.0008359057310467833","0","0.0008359057310467833","0.0008359057310467833","120_119:0.014855041956622461;120_121:0.015149246413166173","120_119:660;120_121:660","true"
"121","491.853046756538","361.1241942876418","4.847605963755951","-0.30898414340606517","0.027587890625","0.04443359375","0.0107421875","1600","0.00014242329337176593","0","0.00014242329337176593","0.00014242329337176593","121_122:0.012885347439329342","121_122:660","true"
"122","83.54042525261261","39.83576464501818","5.070243664103462","-0.30443291332695616","0.0185546875","0.0283203125","0.0087890625","1600","0.00033314465467978907","0","0.00033314465467978907","0.00033314465467978907","","","true"
"123","321.6633004925591","110.3313492477228","4.868543042960791","-0.30751603403749017","0.013427734375","0.01318359375","0.013671875","1600","0.0001709715441697913","0","0.0001709715441697913","0.0001709715441697913","123_122:0.009512153858165118","123_122:660","true"
"124","201.41477294117385","376.80468900428116","4.9147551504610325","-0.30684570885948736","0.095703125","0.18359375","0.0078125","1600","0.0001819652196584269","0","0.0001819652196584269","0.0001819652196584269","124_123:0.005035528661628652;124_125:0.004862035794262143","124_123:660;124_125:660","true"
"125","243.6964451670982","266.1785907349052","4.991909235498385","-0.3060209291104264","0.018310546875","0.01513671875","0.021484375","1600","0.00016032434413109663","0","0.00016032434413109663","0.00016032434413109663","","","true"
"126","160.75987375032355","30.30090917328531","4.950394035928797","-0.29245643145846556","0.05908203125","0.06396484375","0.05419921875","1600","0.002216942637084149","0","0.002216942637084149","0.002216942637084149","126_112:0.023438699841856758;126_125:0.020295134160743356","126_112:660;126_125:660","true"