job_id,num_qubits,two_qubits,depth,priority,arrival_time,num_shots
1,188,64,11,2,,67500
2,164,77,19,2,,65000
3,183,105,8,2,,81700
4,162,42,12,2,,17700
5,242,37,6,2,,23400
6,131,62,10,2,,44000
7,202,80,11,2,,79200
8,241,35,5,2,,78300
9,249,46,9,2,,91100
10,222,94,8,2,,40200
11,133,20,13,2,,82000
12,216,39,14,2,,93700
13,160,25,13,2,,53300
14,246,95,14,2,,28900
15,171,104,12,2,,46300
16,180,116,15,2,,78800
17,237,63,14,2,,19800
18,180,70,7,2,,38600
19,172,89,17,2,,80600
20,184,93,10,2,,15900
21,166,49,15,2,,94600
22,132,27,6,2,,82600
23,156,51,15,2,,79500
24,240,127,8,2,,72200
25,217,122,8,2,,24600
26,167,120,7,2,,10500
27,241,105,13,2,,65300
28,214,88,10,2,,41700
29,191,41,14,2,,18000
30,185,42,16,2,,74400
31,190,28,6,2,,27600
32,227,169,20,2,,90400
33,131,70,5,2,,77400
34,177,55,17,2,,84500
35,137,15,13,2,,92500
36,159,35,15,2,,81300
37,165,53,7,2,,86000
38,181,83,5,2,,90300
39,133,97,10,2,,56000
40,199,135,8,2,,92600
41,215,22,17,2,,82800
42,156,98,9,2,,66200
43,162,59,7,2,,76900
44,232,37,13,2,,54500
45,156,62,20,2,,75900
46,217,126,19,2,,11200
47,202,121,8,2,,11500
48,243,70,10,2,,91900
49,139,29,12,2,,65800
50,144,80,8,2,,85100
51,211,101,18,2,,22800
52,197,102,14,2,,33700
53,248,25,8,2,,59800
54,164,100,7,2,,53000
55,174,129,6,2,,32400
56,161,107,17,2,,22200
57,150,15,13,2,,28400
58,165,96,12,2,,31900
59,188,116,20,2,,63800
60,238,140,8,2,,35400
61,150,57,12,2,,70000
62,154,53,12,2,,25000
63,223,111,15,2,,17700
64,237,143,5,2,,23500
65,243,102,19,2,,63800
66,231,159,7,2,,64100
67,166,41,11,2,,12200
68,159,57,9,2,,14500
69,229,45,20,2,,41500
70,132,92,19,2,,11300
71,139,43,12,2,,70200
72,201,116,16,2,,24500
73,213,91,10,2,,91600
74,148,22,12,2,,25000
75,193,58,18,2,,63200
76,214,50,16,2,,50000
77,168,34,11,2,,39600
78,222,45,9,2,,42200
79,167,40,12,2,,14300
80,188,29,5,2,,59800
81,213,133,7,2,,23600
82,217,32,13,2,,12700
83,150,68,16,2,,64400
84,162,103,7,2,,67200
85,249,91,16,2,,50200
86,232,91,16,2,,85800
87,193,138,19,2,,64300
88,227,59,13,2,,15800
89,175,121,16,2,,51900
90,187,70,5,2,,58200
91,222,55,18,2,,38000
92,215,158,7,2,,50900
93,175,49,19,2,,36600
94,250,54,15,2,,27100
95,245,33,9,2,,84200
96,223,86,20,2,,92500
97,153,95,19,2,,85600
98,183,81,19,2,,67100
99,145,67,11,2,,50500
100,226,150,14,2,,22000