"Qubit","T1 (us)","T2 (us)","Readout assignment error ","Prob meas0 prep1 ","Prob meas1 prep0 ","Readout length (ns)","ID error ","RX error ","Z-axis rotation (rz) error ","âˆšx (sx) error ","Pauli-X error ","CZ error ","RZZ error ","Gate time (ns)","Operational"
"0","291.6669510457774","40.33425599841578","0.008544921875","0.00927734375","0.0078125","2584","0.00018461370058679374","0.00018461370058679374","0","0.00018461370058679374","0.00018461370058679374","0_1:0.002494944432859414","0_1:0.0020185158870038855","0_1:68","true"
"1","195.75545631740437","239.32267929840575","0.005126953125","0.009765625","0.00048828125","2584","0.00012248903557350306","0.00012248903557350306","0","0.00012248903557350306","0.00012248903557350306","1_2:0.001607623620220433;1_0:0.002494944432859414","1_2:0.0017596165580654466;1_0:0.0020185158870038855","1_2:68;1_0:68","true"
"2","306.8065766922678","318.8513705198025","0.002685546875","0.00537109375","0","2584","0.00010558693598748775","0.00010558693598748775","0","0.00010558693598748775","0.00010558693598748775","2_1:0.001607623620220433;2_3:0.00206741670006233","2_1:0.0017596165580654466;2_3:0.00179087527495278","2_1:68;2_3:68","true"
"3","254.35600864847686","264.7797231765476","0.00341796875","0.005859375","0.0009765625","2584","0.0001121430791088989","0.0001121430791088989","0","0.0001121430791088989","0.0001121430791088989","3_16:0.002667176474063726;3_2:0.00206741670006233;3_4:0.00387380702866974","3_16:0.0024851118520889393;3_2:0.00179087527495278;3_4:0.006319167029722406","3_16:68;3_2:68;3_4:80","true"
"4","202.9986849627986","107.51421929609278","0.00927734375","0.0146484375","0.00390625","2584","0.00020681342807889148","0.00020681342807889148","0","0.00020681342807889148","0.00020681342807889148","4_3:0.00387380702866974;4_5:0.00389552379705449","4_3:0.006319167029722406;4_5:0.002868241923668441","4_3:80;4_5:68","true"
"5","237.24912153219037","133.4019104708972","0.00830078125","0.0048828125","0.01171875","2584","0.00015903767482793372","0.00015903767482793372","0","0.00015903767482793372","0.00015903767482793372","5_6:0.0013707833055257579;5_4:0.00389552379705449","5_6:0.0018567660173456624;5_4:0.002868241923668441","5_6:68;5_4:68","true"
"6","302.8435886240547","173.59823364862675","0.005859375","0.0087890625","0.0029296875","2584","0.00039137142125612536","0.00039137142125612536","0","0.00039137142125612536","0.00039137142125612536","6_5:0.0013707833055257579;6_7:0.0018156330823138611","6_5:0.0018567660173456624;6_7:0.002303872451915462","6_5:68;6_7:68","true"
"7","288.08677611160414","66.66189275925537","0.00439453125","0.00732421875","0.00146484375","2584","0.00017455274082519214","0.00017455274082519214","0","0.00017455274082519214","0.00017455274082519214","7_17:0.0030601692675612524;7_6:0.0018156330823138611;7_8:0.002755069096433971","7_17:0.0032622004287283235;7_6:0.002303872451915462;7_8:0.004277435481906733","7_17:68;7_6:68;7_8:80","true"
"8","250.75901531093675","64.62924445326401","0.004150390625","0.005859375","0.00244140625","2584","0.0002825410142623999","0.0002825410142623999","0","0.0002825410142623999","0.0002825410142623999","8_9:0.0036899900803128993;8_7:0.002755069096433971","8_9:1;8_7:0.004277435481906733","8_9:68;8_7:80","true"
"9","138.33513615618577","106.19096737523203","0.00927734375","0.01318359375","0.00537109375","2584","0.0002822234256017925","0.0002822234256017925","0","0.0002822234256017925","0.0002822234256017925","9_8:0.0036899900803128993;9_10:0.0028097160523334885","9_8:1;9_10:0.0020824236072756463","9_8:68;9_10:68","true"
"10","284.9467144617033","103.14999176567218","0.00390625","0.00537109375","0.00244140625","2584","0.00017874977979261223","0.00017874977979261223","0","0.00017874977979261223","0.00017874977979261223","10_9:0.0028097160523334885;10_11:0.00248668533016716","10_9:0.0020824236072756463;10_11:0.002864385209846443","10_9:68;10_11:68","true"
"11","257.73351488656664","81.17075607469768","0.008544921875","0.01171875","0.00537109375","2584","0.00021281260662213774","0.00021281260662213774","0","0.00021281260662213774","0.00021281260662213774","11_18:0.003237473019258308;11_10:0.00248668533016716;11_12:0.0015602863731183914","11_18:0.0034438561729177586;11_10:0.002864385209846443;11_12:0.0020601790152795507","11_18:68;11_10:68;11_12:68","true"
"12","273.1379416156303","164.38070157319396","0.003662109375","0.005859375","0.00146484375","2584","0.00017910402889146385","0.00017910402889146385","0","0.00017910402889146385","0.00017910402889146385","12_13:0.0015160516069375185;12_11:0.0015602863731183914","12_13:0.00453097036185679;12_11:0.0020601790152795507","12_13:80;12_11:68","true"
"13","264.12848493096254","412.33820242062654","0.00732421875","0.00732421875","0.00732421875","2584","0.00015754633772360448","0.00015754633772360448","0","0.00015754633772360448","0.00015754633772360448","13_12:0.0015160516069375185;13_14:0.0013223568642174444","13_12:0.00453097036185679;13_14:0.003692587189706581","13_12:80;13_14:80","true"
"14","249.40888634415347","95.59594220397551","0.004638671875","0.00537109375","0.00390625","2584","0.00015707127613243945","0.00015707127613243945","0","0.00015707127613243945","0.00015707127613243945","14_15:0.0013744607117681662;14_13:0.0013223568642174444","14_15:0.001167081639489559;14_13:0.003692587189706581","14_15:68;14_13:80","true"
"15","205.09197884614898","28.14452020937788","0.00537109375","0.00439453125","0.00634765625","2584","0.00009372730194438371","0.00009372730194438371","0","0.00009372730194438371","0.00009372730194438371","15_14:0.0013744607117681662;15_19:0.0013865007250225547","15_14:0.001167081639489559;15_19:0.001674090526082611","15_14:68;15_19:68","true"
"16","97.99125913915125","118.81363555028531","0.00634765625","0.01025390625","0.00244140625","2584","0.0002500544631245933","0.0002500544631245933","0","0.0002500544631245933","0.0002500544631245933","16_23:0.0025086622531548253;16_3:0.002667176474063726","16_23:0.0020246487814080116;16_3:0.0024851118520889393","16_23:68;16_3:68","true"
"17","84.83396972004046","13.286379823771888","0.013427734375","0.01513671875","0.01171875","2584","0.00021912068388383802","0.00021912068388383802","0","0.00021912068388383802","0.00021912068388383802","17_7:0.0030601692675612524;17_27:0.0052427683590816065","17_7:0.0032622004287283235;17_27:1","17_7:68;17_27:68","true"
"18","82.94114442745752","68.5398737205442","0.012451171875","0.0205078125","0.00439453125","2584","0.0005680547237646591","0.0005680547237646591","0","0.0005680547237646591","0.0005680547237646591","18_11:0.003237473019258308;18_31:0.00466760993284876","18_11:0.0034438561729177586;18_31:0.004429953242390233","18_11:68;18_31:68","true"
"19","155.194554150383","52.130433105176614","0.00439453125","0.0068359375","0.001953125","2584","0.00015402108754202222","0.00015402108754202222","0","0.00015402108754202222","0.00015402108754202222","19_35:0.001490108950564617;19_15:0.0013865007250225547","19_35:0.0016321746068595766;19_15:0.001674090526082611","19_35:80;19_15:68","true"
"20","150.61676074301394","147.35156364323925","0.0087890625","0.015625","0.001953125","2584","0.0002930446149062624","0.0002930446149062624","0","0.0002930446149062624","0.0002930446149062624","20_21:0.004218986442838468","20_21:0.0027888783966082686","20_21:68","true"
"21","174.48345228966082","162.27131847315513","0.003173828125","0.00439453125","0.001953125","2584","0.00011655952674602174","0.00011655952674602174","0","0.00011655952674602174","0.00011655952674602174","21_36:0.0021421096189538913;21_20:0.004218986442838468;21_22:0.0026653347032515318","21_36:0.0028789537917268404;21_20:0.0027888783966082686;21_22:1","21_36:68;21_20:68;21_22:68","true"
"22","137.98817457781894","25.88878957465761","0.0166015625","0.017578125","0.015625","2584","0.006151139526788901","0.006151139526788901","0","0.006151139526788901","0.006151139526788901","22_23:0.002595001504879013;22_21:0.0026653347032515318","22_23:0.0025727364719417833;22_21:1","22_23:68;22_21:68","true"
"23","211.2814712149965","182.28526219165641","0.030517578125","0.03076171875","0.0302734375","2584","0.0002475858379406559","0.0002475858379406559","0","0.0002475858379406559","0.0002475858379406559","23_22:0.002595001504879013;23_24:1;23_16:0.0025086622531548253","23_22:0.0025727364719417833;23_24:1;23_16:0.0020246487814080116","23_22:68;23_24:68;23_16:68","true"
"24","35.49771134569235","0.17982914179291226","0.25927734375","0.1923828125","0.326171875","2584","0.00027110284115344053","0.00027110284115344053","0","0.00027110284115344053","0.00027110284115344053","24_23:1;24_25:1","24_23:1;24_25:1","24_23:68;24_25:68","true"
"25","143.3818803009427","56.53382068943006","0.019775390625","0.021484375","0.01806640625","2584","0.00036598217568396764","0.00036598217568396764","0","0.00036598217568396764","0.00036598217568396764","25_24:1;25_26:0.015266704827328892;25_37:0.005179626180571217","25_24:1;25_26:0.025302221396059782;25_37:0.005972141789506058","25_24:68;25_26:68;25_37:68","true"
"26","6.971507501292766","11.649543435185123","0.067626953125","0.09228515625","0.04296875","2584","0.0028919683918659594","0.0028919683918659594","0","0.0028919683918659594","0.0028919683918659594","26_25:0.015266704827328892;26_27:0.014959284083099877","26_25:0.025302221396059782;26_27:0.019442471364842034","26_25:68;26_27:68","true"
"27","196.1703386057581","97.87218762537918","0.01220703125","0.01318359375","0.01123046875","2584","0.00018806447543440318","0.00018806447543440318","0","0.00018806447543440318","0.00018806447543440318","27_26:0.014959284083099877;27_28:0.003618020800250088;27_17:0.0052427683590816065","27_26:0.019442471364842034;27_28:0.002979641896908719;27_17:1","27_26:68;27_28:68;27_17:68","true"
"28","323.9989494649111","149.13259262247405","0.009033203125","0.0146484375","0.00341796875","2584","0.0002086681534895825","0.0002086681534895825","0","0.0002086681534895825","0.0002086681534895825","28_27:0.003618020800250088;28_29:0.0032054805126537356","28_27:0.002979641896908719;28_29:0.0037730552448704546","28_27:68;28_29:68","true"
"29","258.9685405309769","121.5865377227018","0.015380859375","0.02734375","0.00341796875","2584","0.00037999685649778964","0.00037999685649778964","0","0.00037999685649778964","0.00037999685649778964","29_38:0.004339828098201215;29_28:0.0032054805126537356;29_30:0.003247800900336273","29_38:0.004762242873309952;29_28:0.0037730552448704546;29_30:0.005225713950997579","29_38:68;29_28:68;29_30:68","true"
"30","133.32460804280026","60.11043806063483","0.018798828125","0.02978515625","0.0078125","2584","0.0006472266341294193","0.0006472266341294193","0","0.0006472266341294193","0.0006472266341294193","30_31:0.006080448389695514;30_29:0.003247800900336273","30_31:0.003498141497782964;30_29:0.005225713950997579","30_31:68;30_29:68","true"
"31","142.5227365825191","67.24683104629898","0.011474609375","0.01953125","0.00341796875","2584","0.00027262196239158886","0.00027262196239158886","0","0.00027262196239158886","0.00027262196239158886","31_30:0.006080448389695514;31_32:0.003856784539436775;31_18:0.00466760993284876","31_30:0.003498141497782964;31_32:0.003438562755227109;31_18:0.004429953242390233","31_30:68;31_32:68;31_18:68","true"
"32","273.49518213120234","45.254876038056615","0.00830078125","0.0146484375","0.001953125","2584","0.00044457620838871077","0.00044457620838871077","0","0.00044457620838871077","0.00044457620838871077","32_31:0.003856784539436775;32_33:0.0019428224726345533","32_31:0.003438562755227109;32_33:0.002962133783248194","32_31:68;32_33:68","true"
"33","125.07677333221314","157.414449442628","0.005615234375","0.0107421875","0.00048828125","2584","0.00021915842150173985","0.00021915842150173985","0","0.00021915842150173985","0.00021915842150173985","33_39:0.0031464213270710473;33_32:0.0019428224726345533;33_34:0.0021131094016843543","33_39:0.002932902292892947;33_32:0.002962133783248194;33_34:0.002464995710563911","33_39:68;33_32:68;33_34:68","true"
"34","148.87145028788024","122.95753218518828","0.00634765625","0.009765625","0.0029296875","2584","0.0003265821099425136","0.0003265821099425136","0","0.0003265821099425136","0.0003265821099425136","34_33:0.0021131094016843543;34_35:0.002050669939999583","34_33:0.002464995710563911;34_35:0.002384044474369018","34_33:68;34_35:68","true"
"35","323.79972584324486","288.78749960254675","0.0146484375","0.0078125","0.021484375","2584","0.00014653472957662262","0.00014653472957662262","0","0.00014653472957662262","0.00014653472957662262","35_19:0.001490108950564617;35_34:0.002050669939999583","35_19:0.0016321746068595766;35_34:0.002384044474369018","35_19:80;35_34:68","true"
"36","180.16988515191892","92.79487274989904","0.012451171875","0.02001953125","0.0048828125","2584","0.000524033837223409","0.000524033837223409","0","0.000524033837223409","0.000524033837223409","36_41:0.0022811132565804804;36_21:0.0021421096189538913","36_41:0.002851193642924549;36_21:0.0028789537917268404","36_41:68;36_21:68","true"
"37","161.548965161863","14.028527039372555","0.030517578125","0.0361328125","0.02490234375","2584","0.0005165085819980829","0.0005165085819980829","0","0.0005165085819980829","0.0005165085819980829","37_45:0.005149483960351364;37_25:0.005179626180571217","37_45:0.00582662779629714;37_25:0.005972141789506058","37_45:68;37_25:68","true"
"38","122.18313003247796","83.09205429762287","0.01806640625","0.03515625","0.0009765625","2584","0.00045910358545454453","0.00045910358545454453","0","0.00045910358545454453","0.00045910358545454453","38_29:0.004339828098201215;38_49:0.004314216714883468","38_29:0.004762242873309952;38_49:0.00427630755203165","38_29:68;38_49:68","true"
"39","144.71340749342417","186.3394967080003","0.01123046875","0.017578125","0.0048828125","2584","0.0002291713744435078","0.0002291713744435078","0","0.0002291713744435078","0.0002291713744435078","39_53:0.0035187458525582915;39_33:0.0031464213270710473","39_53:0.005288947054752885;39_33:0.002932902292892947","39_53:68;39_33:68","true"
"40","187.29597089610314","117.57719412852548","0.013916015625","0.025390625","0.00244140625","2584","0.00017529457637516352","0.00017529457637516352","0","0.00017529457637516352","0.00017529457637516352","40_41:0.002573491299842745","40_41:0.002167380392640611","40_41:68","true"
"41","203.03754752731908","33.64809324924059","0.009033203125","0.01171875","0.00634765625","2584","0.00016473146512249398","0.00016473146512249398","0","0.00016473146512249398","0.00016473146512249398","41_40:0.002573491299842745;41_42:0.0023682444092178456;41_36:0.0022811132565804804","41_40:0.002167380392640611;41_42:0.0024970210572025087;41_36:0.002851193642924549","41_40:68;41_42:68;41_36:68","true"
"42","266.3055370501731","80.74263743803546","0.011474609375","0.0126953125","0.01025390625","2584","0.0004320049415630301","0.0004320049415630301","0","0.0004320049415630301","0.0004320049415630301","42_41:0.0023682444092178456;42_43:0.009577775411695966","42_41:0.0024970210572025087;42_43:0.002496677802647146","42_41:68;42_43:68","true"
"43","212.40900376474366","92.18225273842867","0.009521484375","0.01416015625","0.0048828125","2584","0.00028145407969989517","0.00028145407969989517","0","0.00028145407969989517","0.00028145407969989517","43_42:0.009577775411695966;43_56:0.0042123227522719575;43_44:0.0035204770376145444","43_42:0.002496677802647146;43_56:0.005130351932186611;43_44:0.005522535591846595","43_42:68;43_56:68;43_44:68","true"
"44","247.47438561272614","88.2161280352284","0.008544921875","0.0087890625","0.00830078125","2584","0.0006582902834002091","0.0006582902834002091","0","0.0006582902834002091","0.0006582902834002091","44_45:0.0030607613274709067;44_43:0.0035204770376145444","44_45:0.005386488092539693;44_43:0.005522535591846595","44_45:68;44_43:68","true"
"45","174.11730418420447","143.83532581836516","0.0029296875","0.005859375","0","2584","0.0003452067145983062","0.0003452067145983062","0","0.0003452067145983062","0.0003452067145983062","45_44:0.0030607613274709067;45_46:0.0030725198626856964;45_37:0.005149483960351364","45_44:0.005386488092539693;45_46:0.005128758851162679;45_37:0.00582662779629714","45_44:68;45_46:68;45_37:68","true"
"46","263.8119217906149","93.91996469813259","0.030029296875","0.03173828125","0.0283203125","2584","0.0007743326246372149","0.0007743326246372149","0","0.0007743326246372149","0.0007743326246372149","46_45:0.0030725198626856964;46_47:0.0035572094339303417","46_45:0.005128758851162679;46_47:0.002787620794945156","46_45:68;46_47:68","true"
"47","170.3051587959389","172.76275585807053","0.00927734375","0.01318359375","0.00537109375","2584","0.0006694848474722101","0.0006694848474722101","0","0.0006694848474722101","0.0006694848474722101","47_48:0.005529398335673563;47_57:0.0037263806860601267;47_46:0.0035572094339303417","47_48:0.003040119904371391;47_57:0.001869926031503072;47_46:0.002787620794945156","47_48:68;47_57:68;47_46:68","true"
"48","263.63846149018656","170.8311214237674","0.027099609375","0.0263671875","0.02783203125","2584","0.0020539897772570773","0.0020539897772570773","0","0.0020539897772570773","0.0020539897772570773","48_47:0.005529398335673563;48_49:0.004873207884921904","48_47:0.003040119904371391;48_49:0.002470270170710026","48_47:68;48_49:68","true"
"49","221.90658805879775","211.30537637630846","0.017822265625","0.0283203125","0.00732421875","2584","0.0002551015578440115","0.0002551015578440115","0","0.0002551015578440115","0.0002551015578440115","49_48:0.004873207884921904;49_50:0.0027610867489467616;49_38:0.004314216714883468","49_48:0.002470270170710026;49_50:0.0027046326742912463;49_38:0.00427630755203165","49_48:68;49_50:68;49_38:68","true"
"50","137.4813226501957","199.81437400456787","0.025634765625","0.02978515625","0.021484375","2584","0.0004840936654570983","0.0004840936654570983","0","0.0004840936654570983","0.0004840936654570983","50_49:0.0027610867489467616;50_51:0.0028506110428994647","50_49:0.0027046326742912463;50_51:0.002768049892262564","50_49:68;50_51:68","true"
"51","184.48279109061707","358.6208471511126","0.0751953125","0.06298828125","0.08740234375","2584","0.00010968543074375783","0.00010968543074375783","0","0.00010968543074375783","0.00010968543074375783","51_50:0.0028506110428994647;51_52:0.003813873977771831;51_58:0.004313842722566796","51_50:0.002768049892262564;51_52:0.0039725682863405165;51_58:0.0034250905538905363","51_50:68;51_52:68;51_58:68","true"
"52","168.7610552126104","167.6497727724821","0.00439453125","0.0078125","0.0009765625","2584","0.0002848283646886536","0.0002848283646886536","0","0.0002848283646886536","0.0002848283646886536","52_51:0.003813873977771831;52_53:0.0041640099728313396","52_51:0.0039725682863405165;52_53:0.0029448856279576663","52_51:68;52_53:68","true"
"53","356.13303875311976","427.3887156153863","0.0068359375","0.01220703125","0.00146484375","2584","0.00016742288078450552","0.00016742288078450552","0","0.00016742288078450552","0.00016742288078450552","53_39:0.0035187458525582915;53_52:0.0041640099728313396;53_54:0.0028627044708968707","53_39:0.005288947054752885;53_52:0.0029448856279576663;53_54:0.0013876543814623776","53_39:68;53_52:68;53_54:68","true"
"54","214.18875196127877","196.12393616805286","0.0302734375","0.03076171875","0.02978515625","2584","0.00016997398709722494","0.00016997398709722494","0","0.00016997398709722494","0.00016997398709722494","54_53:0.0028627044708968707;54_55:0.0031379071671617798","54_53:0.0013876543814623776;54_55:0.0018639284133174783","54_53:68;54_55:68","true"
"55","254.0116004171846","69.79209965536425","0.003662109375","0.0068359375","0.00048828125","2584","0.00033276985031809215","0.00033276985031809215","0","0.00033276985031809215","0.00033276985031809215","55_59:0.002404175338203862;55_54:0.0031379071671617798","55_59:0.0020013046702409;55_54:0.0018639284133174783","55_59:68;55_54:68","true"
"56","225.52163906359903","103.14421133862605","0.0068359375","0.00830078125","0.00537109375","2584","0.00031130114396304173","0.00031130114396304173","0","0.00031130114396304173","0.00031130114396304173","56_63:0.005645972884720019;56_43:0.0042123227522719575","56_63:0.004599747772910945;56_43:0.005130351932186611","56_63:68;56_43:68","true"
"57","184.65115388252113","117.67724140146689","0.0595703125","0.04833984375","0.07080078125","2584","0.0004818290146933322","0.0004818290146933322","0","0.0004818290146933322","0.0004818290146933322","57_47:0.0037263806860601267;57_67:0.005678658700769446","57_47:0.001869926031503072;57_67:0.004326499514881954","57_47:68;57_67:68","true"
"58","252.6317033986957","213.09682862803538","0.062744140625","0.083984375","0.04150390625","2584","0.0006343114915507293","0.0006343114915507293","0","0.0006343114915507293","0.0006343114915507293","58_71:1;58_51:0.004313842722566796","58_71:1;58_51:0.0034250905538905363","58_71:68;58_51:68","true"
"59","99.75141412159604","107.92692691613372","0.0068359375","0.0078125","0.005859375","2584","0.00027324246858549255","0.00027324246858549255","0","0.00027324246858549255","0.00027324246858549255","59_55:0.002404175338203862;59_75:0.004001338564693868","59_55:0.0020013046702409;59_75:1","59_55:68;59_75:68","true"
"60","160.42467425806421","179.6617590884268","0.016357421875","0.01513671875","0.017578125","2584","0.00031999860305963646","0.00031999860305963646","0","0.00031999860305963646","0.00031999860305963646","60_61:0.01475231082099282","60_61:1","60_61:80","true"
"61","274.402430346658","193.10529771355496","0.015380859375","0.0234375","0.00732421875","2584","0.00012407567136860407","0.00012407567136860407","0","0.00012407567136860407","0.00012407567136860407","61_76:0.0026524129341740643;61_60:0.01475231082099282;61_62:0.0028920633324593936","61_76:0.0025644408230178217;61_60:1;61_62:0.001826148913123271","61_76:68;61_60:80;61_62:68","true"
"62","151.22186984075796","84.79333083218559","0.03076171875","0.04052734375","0.02099609375","2584","0.0002467701294451956","0.0002467701294451956","0","0.0002467701294451956","0.0002467701294451956","62_61:0.0028920633324593936;62_63:0.0030930547551870635","62_61:0.001826148913123271;62_63:0.002604004150406125","62_61:68;62_63:68","true"
"63","168.50763967116217","214.4386171612858","0.054931640625","0.041015625","0.06884765625","2584","0.0005583991584686627","0.0005583991584686627","0","0.0005583991584686627","0.0005583991584686627","63_56:0.005645972884720019;63_62:0.0030930547551870635;63_64:0.004096979000112466","63_56:0.004599747772910945;63_62:0.002604004150406125;63_64:0.009168304882868877","63_56:68;63_62:68;63_64:68","true"
"64","156.29423858691513","92.65698565193475","0.010009765625","0.015625","0.00439453125","2584","0.00027205980720976475","0.00027205980720976475","0","0.00027205980720976475","0.00027205980720976475","64_65:0.04484117971104801;64_63:0.004096979000112466","64_65:0.004110069436699559;64_63:0.009168304882868877","64_65:68;64_63:68","true"
"65","158.55600330263877","90.07985828552177","0.234619140625","0.1298828125","0.33935546875","2584","0.00017697149584842165","0.00017697149584842165","0","0.00017697149584842165","0.00017697149584842165","65_64:0.04484117971104801;65_66:0.003969434692663587;65_77:0.0036297282072375037","65_64:0.004110069436699559;65_66:0.0021075481023036524;65_77:0.00444657710921742","65_64:68;65_66:68;65_77:68","true"
"66","114.8078497856543","87.56821622214645","0.008056640625","0.01611328125","0","2584","0.0002232488932991951","0.0002232488932991951","0","0.0002232488932991951","0.0002232488932991951","66_65:0.003969434692663587;66_67:0.0043339054686082346","66_65:0.0021075481023036524;66_67:0.0035277182286964914","66_65:68;66_67:68","true"
"67","201.98863111275284","64.1819514096182","0.02685546875","0.02294921875","0.03076171875","2584","0.0001716108821281635","0.0001716108821281635","0","0.0001716108821281635","0.0001716108821281635","67_68:0.005549189120155007;67_57:0.005678658700769446;67_66:0.0043339054686082346","67_68:0.002899939007597413;67_57:0.004326499514881954;67_66:0.0035277182286964914","67_68:68;67_57:68;67_66:68","true"
"68","136.2437926795047","16.31002211394203","0.02099609375","0.033203125","0.0087890625","2584","0.0004405137844805479","0.0004405137844805479","0","0.0004405137844805479","0.0004405137844805479","68_67:0.005549189120155007;68_69:0.002985650201340173","68_67:0.002899939007597413;68_69:0.006020063784194035","68_67:68;68_69:68","true"
"69","173.20526080281687","30.318433800559948","0.029052734375","0.029296875","0.02880859375","2584","0.0003313930484354439","0.0003313930484354439","0","0.0003313930484354439","0.0003313930484354439","69_78:0.004539180416523292;69_68:0.002985650201340173;69_70:0.003058719737396076","69_78:0.0034556652283874167;69_68:0.006020063784194035;69_70:0.0027343007566008326","69_78:68;69_68:68;69_70:80","true"
"70","164.90812680522538","22.756394680620616","0.012939453125","0.0224609375","0.00341796875","2584","0.0005538383306917802","0.0005538383306917802","0","0.0005538383306917802","0.0005538383306917802","70_69:0.003058719737396076;70_71:0.003391582119084857","70_69:0.0027343007566008326;70_71:0.0022452759351743456","70_69:80;70_71:68","true"
"71","111.1678202543465","47.31760692658943","0.012451171875","0.015625","0.00927734375","2584","0.00043193145942282713","0.00043193145942282713","0","0.00043193145942282713","0.00043193145942282713","71_72:0.003717452517127129;71_58:1;71_70:0.003391582119084857","71_72:0.005010944574334042;71_58:1;71_70:0.0022452759351743456","71_72:68;71_58:68;71_70:68","true"
"72","142.9877008923065","81.00429687163368","0.028076171875","0.03125","0.02490234375","2584","0.00044247494180438984","0.00044247494180438984","0","0.00044247494180438984","0.00044247494180438984","72_73:0.05364347549578502;72_71:0.003717452517127129","72_73:0.04237584919463944;72_71:0.005010944574334042","72_73:68;72_71:68","true"
"73","207.99117904468505","276.86005811355477","0.010986328125","0.02099609375","0.0009765625","2584","0.0002432253487567504","0.0002432253487567504","0","0.0002432253487567504","0.0002432253487567504","73_72:0.05364347549578502;73_74:0.0026938672835253863;73_79:0.0028680942540967314","73_72:0.04237584919463944;73_74:0.0029606338441146574;73_79:0.005382227821334684","73_72:68;73_74:68;73_79:68","true"
"74","143.35917340925357","11.675794028533044","0.005859375","0.01025390625","0.00146484375","2584","0.0002455562413164109","0.0002455562413164109","0","0.0002455562413164109","0.0002455562413164109","74_73:0.0026938672835253863;74_75:0.0023882530873533536","74_73:0.0029606338441146574;74_75:0.0019602958859598063","74_73:68;74_75:68","true"
"75","287.36703255022155","229.33109722523957","0.00244140625","0.0048828125","0","2584","0.00032765583731993506","0.00032765583731993506","0","0.00032765583731993506","0.00032765583731993506","75_59:0.004001338564693868;75_74:0.0023882530873533536","75_59:1;75_74:0.0019602958859598063","75_59:68;75_74:68","true"
"76","137.5263344285144","58.00738263433541","0.00634765625","0.0107421875","0.001953125","2584","0.00027160123236276933","0.00027160123236276933","0","0.00027160123236276933","0.00027160123236276933","76_81:0.00225093273967536;76_61:0.0026524129341740643","76_81:0.002424060217337376;76_61:0.0025644408230178217","76_81:68;76_61:68","true"
"77","172.4209506672744","175.93803318667307","0.005126953125","0.0087890625","0.00146484375","2584","0.00025899659518148835","0.00025899659518148835","0","0.00025899659518148835","0.00025899659518148835","77_85:0.002849338100806509;77_65:0.0036297282072375037","77_85:0.0031316475040253644;77_65:0.00444657710921742","77_85:68;77_65:68","true"
"78","162.31717098969972","148.90068820072335","0.007568359375","0.00927734375","0.005859375","2584","0.00033964347675608886","0.00033964347675608886","0","0.00033964347675608886","0.00033964347675608886","78_69:0.004539180416523292;78_89:0.0023027840777621322","78_69:0.0034556652283874167;78_89:0.003737441381562373","78_69:68;78_89:68","true"
"79","120.98323582309337","37.25410763501005","0.00634765625","0.009765625","0.0029296875","2584","0.0002325746188850992","0.0002325746188850992","0","0.0002325746188850992","0.0002325746188850992","79_93:0.002445292994016801;79_73:0.0028680942540967314","79_93:0.0022393324674659654;79_73:0.005382227821334684","79_93:68;79_73:68","true"
"80","152.83346829153245","39.68379034768228","0.0048828125","0.00927734375","0.00048828125","2584","0.0002885455531303554","0.0002885455531303554","0","0.0002885455531303554","0.0002885455531303554","80_81:0.0036301517136521078","80_81:0.003229091765777209","80_81:68","true"
"81","193.36789199700166","153.5860845734981","0.008544921875","0.013671875","0.00341796875","2584","0.00018523723281150387","0.00018523723281150387","0","0.00018523723281150387","0.00018523723281150387","81_80:0.0036301517136521078;81_82:0.1079841243532082;81_76:0.00225093273967536","81_80:0.003229091765777209;81_82:1;81_76:0.002424060217337376","81_80:68;81_82:68;81_76:68","true"
"82","57.36857581742068","23.147285716520507","0.501220703125","0.21142578125","0.791015625","2584","0.04194630537805039","0.04194630537805039","0","0.04194630537805039","0.04194630537805039","82_81:0.1079841243532082;82_83:1","82_81:1;82_83:1","82_81:68;82_83:68","true"
"83","231.5382526541523","232.9613308251387","0.098876953125","0.11376953125","0.083984375","2584","0.0002315512971070891","0.0002315512971070891","0","0.0002315512971070891","0.0002315512971070891","83_96:0.00465888020001054;83_82:1;83_84:0.006625906301135576","83_96:0.005579743880629678;83_82:1;83_84:0.003788561015665659","83_96:68;83_82:68;83_84:68","true"
"84","187.54304370220896","140.936294144128","0.020751953125","0.04052734375","0.0009765625","2584","0.0007515748121559032","0.0007515748121559032","0","0.0007515748121559032","0.0007515748121559032","84_83:0.006625906301135576;84_85:0.006138122250260281","84_83:0.003788561015665659;84_85:0.0048852290887860805","84_83:68;84_85:68","true"
"85","203.11150413887168","95.23488085309228","0.00927734375","0.01123046875","0.00732421875","2584","0.0002619025870615519","0.0002619025870615519","0","0.0002619025870615519","0.0002619025870615519","85_77:0.002849338100806509;85_86:0.005003073806225722;85_84:0.006138122250260281","85_77:0.0031316475040253644;85_86:0.005690474055304373;85_84:0.0048852290887860805","85_77:68;85_86:68;85_84:68","true"
"86","272.2611096025365","86.36790896762632","0.02734375","0.0224609375","0.0322265625","2584","0.00028736796712466953","0.00028736796712466953","0","0.00028736796712466953","0.00028736796712466953","86_85:0.005003073806225722;86_87:0.004375366386297208","86_85:0.005690474055304373;86_87:0.0048745662761428","86_85:68;86_87:68","true"
"87","187.4796585268764","112.13631212563232","0.01025390625","0.00732421875","0.01318359375","2584","0.0003866384093689857","0.0003866384093689857","0","0.0003866384093689857","0.0003866384093689857","87_86:0.004375366386297208;87_88:0.0035717498625417177;87_97:0.002161261173817486","87_86:0.0048745662761428;87_88:0.0034455094422868593;87_97:0.0029258403044910564","87_86:68;87_88:68;87_97:68","true"
"88","155.53692006688797","43.60276332607741","0.01904296875","0.02392578125","0.01416015625","2584","0.0002820753350799112","0.0002820753350799112","0","0.0002820753350799112","0.0002820753350799112","88_87:0.0035717498625417177;88_89:0.002439173980724574","88_87:0.0034455094422868593;88_89:1","88_87:68;88_89:68","true"
"89","343.0382802045682","348.51565642703633","0.005126953125","0.0078125","0.00244140625","2584","0.00023794956234758164","0.00023794956234758164","0","0.00023794956234758164","0.00023794956234758164","89_90:0.0037745556670757963;89_88:0.002439173980724574;89_78:0.0023027840777621322","89_90:0.003638835542801505;89_88:1;89_78:0.003737441381562373","89_90:68;89_88:68;89_78:68","true"
"90","91.7169831148592","59.712406848679386","0.009765625","0.01611328125","0.00341796875","2584","0.00044078222919337773","0.00044078222919337773","0","0.00044078222919337773","0.00044078222919337773","90_89:0.0037745556670757963;90_91:0.0051972212492418235","90_89:0.003638835542801505;90_91:0.003701818184043165","90_89:68;90_91:80","true"
"91","156.84083321878705","252.26504908219968","0.030029296875","0.021484375","0.03857421875","2584","0.00015279704332927347","0.00015279704332927347","0","0.00015279704332927347","0.00015279704332927347","91_98:0.0016010438401157234;91_90:0.0051972212492418235;91_92:0.002848434798969124","91_98:0.0013524580720210844;91_90:0.003701818184043165;91_92:0.0025374863267653425","91_98:68;91_90:80;91_92:68","true"
"92","307.7717552215548","463.96613173216014","0.006591796875","0.009765625","0.00341796875","2584","0.00012781172242355463","0.00012781172242355463","0","0.00012781172242355463","0.00012781172242355463","92_91:0.002848434798969124;92_93:0.0037552625365755987","92_91:0.0025374863267653425;92_93:0.0033835472981544323","92_91:68;92_93:68","true"
"93","187.33320458226456","205.2997228217227","0.005859375","0.0107421875","0.0009765625","2584","0.00025571551271267337","0.00025571551271267337","0","0.00025571551271267337","0.00025571551271267337","93_94:0.0021660884909373568;93_79:0.002445292994016801;93_92:0.0037552625365755987","93_94:0.0027271971658341942;93_79:0.0022393324674659654;93_92:0.0033835472981544323","93_94:68;93_79:68;93_92:68","true"
"94","328.3451792909814","318.6593785745234","0.004638671875","0.0068359375","0.00244140625","2584","0.0003439271135983152","0.0003439271135983152","0","0.0003439271135983152","0.0003439271135983152","94_93:0.0021660884909373568;94_95:0.003911126358489114","94_93:0.0027271971658341942;94_95:0.0017651114365269394","94_93:68;94_95:68","true"
"95","330.68529905347543","433.0521676625018","0.00634765625","0.01123046875","0.00146484375","2584","0.00014198430318073543","0.00014198430318073543","0","0.00014198430318073543","0.00014198430318073543","95_99:0.003230085149351969;95_94:0.003911126358489114","95_99:0.0065104004508426405;95_94:0.0017651114365269394","95_99:68;95_94:68","true"
"96","134.0544424309794","33.412357095314746","0.013427734375","0.02392578125","0.0029296875","2584","0.0004802308701873086","0.0004802308701873086","0","0.0004802308701873086","0.0004802308701873086","96_83:0.00465888020001054;96_103:0.00802043359449589","96_83:0.005579743880629678;96_103:0.005716676047952229","96_83:68;96_103:68","true"
"97","341.28330719284304","94.69650964372725","0.00634765625","0.0107421875","0.001953125","2584","0.000192821445455995","0.000192821445455995","0","0.000192821445455995","0.000192821445455995","97_87:0.002161261173817486;97_107:0.003526855164620424","97_87:0.0029258403044910564;97_107:0.0031506494569684684","97_87:68;97_107:68","true"
"98","387.73704682589675","86.32568694810087","0.005615234375","0.0087890625","0.00244140625","2584","0.00014461889165190338","0.00014461889165190338","0","0.00014461889165190338","0.00014461889165190338","98_91:0.0016010438401157234;98_111:0.002476432640962367","98_91:0.0013524580720210844;98_111:0.0013582517672302286","98_91:68;98_111:68","true"
"99","124.58372477718414","39.106106025834116","0.013916015625","0.01220703125","0.015625","2584","0.00019925290425054006","0.00019925290425054006","0","0.00019925290425054006","0.00019925290425054006","99_115:0.0018110773986557693;99_95:0.003230085149351969","99_115:0.002724491847057975;99_95:0.0065104004508426405","99_115:68;99_95:68","true"
"100","102.18800318668879","88.39217710813826","0.008544921875","0.01220703125","0.0048828125","2584","0.0002297871884569836","0.0002297871884569836","0","0.0002297871884569836","0.0002297871884569836","100_101:0.0047491198455610895","100_101:0.013278695255223905","100_101:68","true"
"101","136.98430640599128","49.01514718847537","0.010498046875","0.01953125","0.00146484375","2584","0.0006484939330825149","0.0006484939330825149","0","0.0006484939330825149","0.0006484939330825149","101_100:0.0047491198455610895;101_116:0.005054626794271655;101_102:1","101_100:0.013278695255223905;101_116:0.005843406434019094;101_102:1","101_100:68;101_116:68;101_102:68","true"
"102","104.72783098157264","94.08144988600674","0.0048828125","0.00927734375","0.00048828125","2584","0.0007119098128374571","0.0007119098128374571","0","0.0007119098128374571","0.0007119098128374571","102_101:1;102_103:1","102_101:1;102_103:1","102_101:68;102_103:68","true"
"103","87.71347781640529","69.66123495229868","0.091552734375","0.06787109375","0.115234375","2584","0.0004698694733062147","0.0004698694733062147","0","0.0004698694733062147","0.0004698694733062147","103_104:1;103_96:0.00802043359449589;103_102:1","103_104:1;103_96:0.005716676047952229;103_102:1","103_104:68;103_96:68;103_102:68","true"
"104","222.84804488987646","131.57196353451724","0.011474609375","0.01171875","0.01123046875","2584","0.00027984817749113574","0.00027984817749113574","0","0.00027984817749113574","0.00027984817749113574","104_103:1;104_105:0.0036967526316919463","104_103:1;104_105:0.0023755698941277104","104_103:68;104_105:68","true"
"105","116.26127793628231","107.24842158158245","0.0107421875","0.0166015625","0.0048828125","2584","0.00025166708059178456","0.00025166708059178456","0","0.00025166708059178456","0.00025166708059178456","105_104:0.0036967526316919463;105_106:0.0029912774707414047;105_117:0.004698609406296461","105_104:0.0023755698941277104;105_106:0.003867241158774959;105_117:0.003361288133992668","105_104:68;105_106:68;105_117:68","true"
"106","183.63397881191423","116.62572605050698","0.013916015625","0.0185546875","0.00927734375","2584","0.00011828014822757325","0.00011828014822757325","0","0.00011828014822757325","0.00011828014822757325","106_107:0.0031527818651536643;106_105:0.0029912774707414047","106_107:0.0024264243684548326;106_105:0.003867241158774959","106_107:68;106_105:68","true"
"107","217.59099325822328","288.50996676647287","0.002197265625","0.00244140625","0.001953125","2584","0.00017957028199376175","0.00017957028199376175","0","0.00017957028199376175","0.00017957028199376175","107_106:0.0031527818651536643;107_108:0.002669761544353999;107_97:0.003526855164620424","107_106:0.0024264243684548326;107_108:0.005410242542151861;107_97:0.0031506494569684684","107_106:68;107_108:68;107_97:68","true"
"108","165.2422696584501","156.14997439794212","0.00537109375","0.00732421875","0.00341796875","2584","0.0004150337901865012","0.0004150337901865012","0","0.0004150337901865012","0.0004150337901865012","108_107:0.002669761544353999;108_109:0.002896132194805001","108_107:0.005410242542151861;108_109:0.006005627269896591","108_107:68;108_109:68","true"
"109","336.3152132982126","128.20160249918283","0.0078125","0.01513671875","0.00048828125","2584","0.00028226744782035935","0.00028226744782035935","0","0.00028226744782035935","0.00028226744782035935","109_108:0.002896132194805001;109_110:0.0021281240853266437;109_118:1","109_108:0.006005627269896591;109_110:0.0014298420278663904;109_118:1","109_108:68;109_110:68;109_118:68","true"
"110","301.030030203512","202.94041224749614","0.005859375","0.0078125","0.00390625","2584","0.00018237237548340813","0.00018237237548340813","0","0.00018237237548340813","0.00018237237548340813","110_109:0.0021281240853266437;110_111:0.0027641914448556237","110_109:0.0014298420278663904;110_111:0.0018765701568771442","110_109:68;110_111:68","true"
"111","191.3084075086101","126.99020356776974","0.007568359375","0.01123046875","0.00390625","2584","0.00013574138176958192","0.00013574138176958192","0","0.00013574138176958192","0.00013574138176958192","111_112:0.0037298664638330536;111_110:0.0027641914448556237;111_98:0.002476432640962367","111_112:0.0018801376692559046;111_110:0.0018765701568771442;111_98:0.0013582517672302286","111_112:68;111_110:68;111_98:68","true"
"112","298.94817420053425","233.74698932809045","0.006103515625","0.0107421875","0.00146484375","2584","0.00018998175204205454","0.00018998175204205454","0","0.00018998175204205454","0.00018998175204205454","112_111:0.0037298664638330536;112_113:1","112_111:0.0018801376692559046;112_113:0.003302742853853652","112_111:68;112_113:68","true"
"113","195.3146358692588","119.92117978539368","0.478759765625","0.953125","0.00439453125","2584","0.012465115547204893","0.012465115547204893","0","0.012465115547204893","0.012465115547204893","113_119:1;113_112:1;113_114:1","113_119:1;113_112:0.003302742853853652;113_114:0.02024999999999999","113_119:68;113_112:68;113_114:68","true"
"114","229.01512760265362","239.10546450125398","0.0048828125","0.005859375","0.00390625","2584","0.00014919332468463903","0.00014919332468463903","0","0.00014919332468463903","0.00014919332468463903","114_115:0.001684396833842139;114_113:1","114_115:0.002919457264419445;114_113:0.02024999999999999","114_115:68;114_113:68","true"
"115","171.75261113766166","59.06433707790743","0.008544921875","0.00927734375","0.0078125","2584","0.0002817725558284211","0.0002817725558284211","0","0.0002817725558284211","0.0002817725558284211","115_99:0.0018110773986557693;115_114:0.001684396833842139","115_99:0.002724491847057975;115_114:0.002919457264419445","115_99:68;115_114:68","true"
"116","68.19594097536219","79.6667696343046","0.007080078125","0.013671875","0.00048828125","2584","0.0006769513436981127","0.0006769513436981127","0","0.0006769513436981127","0.0006769513436981127","116_101:0.005054626794271655;116_121:0.004151127771766239","116_101:0.005843406434019094;116_121:0.00365925200807915","116_101:68;116_121:68","true"
"117","93.12420966740684","14.109280349262441","0.00634765625","0.009765625","0.0029296875","2584","0.0006775161434495535","0.0006775161434495535","0","0.0006775161434495535","0.0006775161434495535","117_105:0.004698609406296461;117_125:0.005458771133933393","117_105:0.003361288133992668;117_125:0.004068494306190051","117_105:68;117_125:68","true"
"118","178.00952648778153","60.55682640266873","0.010986328125","0.01171875","0.01025390625","2584","0.0003163386511361222","0.0003163386511361222","0","0.0003163386511361222","0.0003163386511361222","118_109:1;118_129:0.0037847700460501565","118_109:1;118_129:1","118_109:68;118_129:68","true"
"119","237.0675555289922","26.45865579963237","0.22412109375","0.4462890625","0.001953125","2584","0.04294327369479961","0.04294327369479961","0","0.04294327369479961","0.04294327369479961","119_113:1;119_133:0.12605970888120505","119_113:1;119_133:1","119_113:68;119_133:68","true"
"120","245.57591946129617","63.210110123716625","0.00732421875","0.01123046875","0.00341796875","2584","0.0003433047700896893","0.0003433047700896893","0","0.0003433047700896893","0.0003433047700896893","120_121:0.0032139531391913168","120_121:0.002549503287102739","120_121:68","true"
"121","235.99348682914555","28.834082505570983","0.013427734375","0.0205078125","0.00634765625","2584","0.00024777340167072507","0.00024777340167072507","0","0.00024777340167072507","0.00024777340167072507","121_120:0.0032139531391913168;121_122:0.003998017862766878;121_116:0.004151127771766239","121_120:0.002549503287102739;121_122:0.002811315143411486;121_116:0.00365925200807915","121_120:68;121_122:80;121_116:68","true"
"122","152.179195825675","23.814104693887863","0.01171875","0.00927734375","0.01416015625","2584","0.00020512810090237535","0.00020512810090237535","0","0.00020512810090237535","0.00020512810090237535","122_121:0.003998017862766878;122_123:0.003920639141404447","122_121:0.002811315143411486;122_123:0.0029736969851150152","122_121:80;122_123:68","true"
"123","185.41949670872992","84.31160491317864","0.018798828125","0.03564453125","0.001953125","2584","0.00018331656498930097","0.00018331656498930097","0","0.00018331656498930097","0.00018331656498930097","123_136:0.004397487924821197;123_124:0.00417240857277601;123_122:0.003920639141404447","123_136:0.0021600504588785985;123_124:0.003684013407908887;123_122:0.0029736969851150152","123_136:68;123_124:68;123_122:68","true"
"124","117.09181361166044","63.93192873078631","0.012939453125","0.013671875","0.01220703125","2584","0.0005809918556879221","0.0005809918556879221","0","0.0005809918556879221","0.0005809918556879221","124_123:0.00417240857277601;124_125:0.0032073758874757163","124_123:0.003684013407908887;124_125:0.0024755603787809666","124_123:68;124_125:68","true"
"125","159.92868927784195","55.17840157716425","0.00927734375","0.0185546875","0","2584","0.0002113958687892711","0.0002113958687892711","0","0.0002113958687892711","0.0002113958687892711","125_117:0.005458771133933393;125_124:0.0032073758874757163;125_126:0.0033645701410964235","125_117:0.004068494306190051;125_124:0.0024755603787809666;125_126:0.004641123735693586","125_117:68;125_124:68;125_126:68","true"
"126","174.82958476365974","36.730474251218176","0.005859375","0.00732421875","0.00439453125","2584","0.0003882650399999039","0.0003882650399999039","0","0.0003882650399999039","0.0003882650399999039","126_127:0.011717428830778365;126_125:0.0033645701410964235","126_127:1;126_125:0.004641123735693586","126_127:68;126_125:68","true"
"127","230.84393922623173","17.256036799983328","0.02197265625","0.02197265625","0.02197265625","2584","0.00027116967283863374","0.00027116967283863374","0","0.00027116967283863374","0.00027116967283863374","127_126:0.011717428830778365;127_128:0.0027621564873095417;127_137:0.003445794920897083","127_126:1;127_128:0.004229096658982245;127_137:0.006595798153223947","127_126:68;127_128:68;127_137:68","true"
"128","270.2718642763377","156.13906186970462","0.018310546875","0.0126953125","0.02392578125","2584","0.00014633180944073173","0.00014633180944073173","0","0.00014633180944073173","0.00014633180944073173","128_127:0.0027621564873095417;128_129:0.0026739854873909508","128_127:0.004229096658982245;128_129:1","128_127:68;128_129:68","true"
"129","241.00326967617204","222.00570933083526","0.01025390625","0.0107421875","0.009765625","2584","0.00031359520005089887","0.00031359520005089887","0","0.00031359520005089887","0.00031359520005089887","129_130:1;129_128:0.0026739854873909508;129_118:0.0037847700460501565","129_130:0.07973977846554836;129_128:1;129_118:1","129_130:68;129_128:68;129_118:68","true"
"130","364.5703947218293","73.12972861303079","0.1982421875","0.16650390625","0.22998046875","2584","0.0001634720506167897","0.0001634720506167897","0","0.0001634720506167897","0.0001634720506167897","130_129:1;130_131:0.05493816685730907","130_129:0.07973977846554836;130_131:0.04731724228083331","130_129:68;130_131:68","true"
"131","314.2839598216034","240.30999550737405","0.00537109375","0.0068359375","0.00390625","2584","0.00012320124497807147","0.00012320124497807147","0","0.00012320124497807147","0.00012320124497807147","131_138:0.0032482077922902364;131_130:0.05493816685730907;131_132:0.001642901909958916","131_138:0.0027222996052286563;131_130:0.04731724228083331;131_132:0.002076689104135554","131_138:68;131_130:68;131_132:68","true"
"132","255.83729519757003","70.35359707236897","0.01416015625","0.01220703125","0.01611328125","2584","0.00014241185744537976","0.00014241185744537976","0","0.00014241185744537976","0.00014241185744537976","132_133:0.002369727320328252;132_131:0.001642901909958916","132_133:0.0015701766551351748;132_131:0.002076689104135554","132_133:68;132_131:68","true"
"133","324.8549859545844","343.0973918830264","0.013671875","0.02294921875","0.00439453125","2584","0.00022629856196969053","0.00022629856196969053","0","0.00022629856196969053","0.00022629856196969053","133_132:0.002369727320328252;133_134:0.004717743397965712;133_119:0.12605970888120505","133_132:0.0015701766551351748;133_134:1;133_119:1","133_132:68;133_134:80;133_119:68","true"
"134","198.49698536937828","124.20137217599586","0.00634765625","0.00732421875","0.00537109375","2584","0.000181385245579912","0.000181385245579912","0","0.000181385245579912","0.000181385245579912","134_133:0.004717743397965712;134_135:0.008279342887188346","134_133:1;134_135:0.006030985140042411","134_133:80;134_135:68","true"
"135","403.5883041017137","94.40062856591048","0.066162109375","0.04931640625","0.0830078125","2584","0.0001475943894263196","0.0001475943894263196","0","0.0001475943894263196","0.0001475943894263196","135_134:0.008279342887188346;135_139:0.0024692552828134984","135_134:0.006030985140042411;135_139:0.0012914813300997918","135_134:68;135_139:68","true"
"136","267.93901440478925","113.8984847855341","0.008544921875","0.013671875","0.00341796875","2584","0.00023566653011042077","0.00023566653011042077","0","0.00023566653011042077","0.00023566653011042077","136_123:0.004397487924821197;136_143:0.001956705383513835","136_123:0.0021600504588785985;136_143:0.0017055892206024326","136_123:68;136_143:68","true"
"137","167.64941670582303","35.653870950020014","0.014404296875","0.017578125","0.01123046875","2584","0.0005489199218037746","0.0005489199218037746","0","0.0005489199218037746","0.0005489199218037746","137_147:0.0030484218445132605;137_127:0.003445794920897083","137_147:0.00401055299841227;137_127:0.006595798153223947","137_147:68;137_127:68","true"
"138","275.6495877109061","247.485591169415","0.005859375","0.00830078125","0.00341796875","2584","0.0001647943477551267","0.0001647943477551267","0","0.0001647943477551267","0.0001647943477551267","138_151:0.002634366074628691;138_131:0.0032482077922902364","138_151:0.0028243508732258005;138_131:0.0027222996052286563","138_151:68;138_131:68","true"
"139","171.21389922337715","144.40579180630334","0.005615234375","0.009765625","0.00146484375","2584","0.00024003250429800174","0.00024003250429800174","0","0.00024003250429800174","0.00024003250429800174","139_155:1;139_135:0.0024692552828134984","139_155:0.02892393711069413;139_135:0.0012914813300997918","139_155:80;139_135:68","true"
"140","279.8379945741082","40.87981928128722","0.004150390625","0.005859375","0.00244140625","2584","0.00024132059329920713","0.00024132059329920713","0","0.00024132059329920713","0.00024132059329920713","140_141:0.0026439753093670526","140_141:0.002408593224475647","140_141:68","true"
"141","239.20735077092365","271.2624227083899","0.006103515625","0.0068359375","0.00537109375","2584","0.00019391152151194114","0.00019391152151194114","0","0.00019391152151194114","0.00019391152151194114","141_140:0.0026439753093670526;141_142:0.002211499972325004","141_140:0.002408593224475647;141_142:0.003478401508316936","141_140:68;141_142:68","true"
"142","174.37337669303804","182.10564520192992","0.015869140625","0.015625","0.01611328125","2584","0.00026078403851712446","0.00026078403851712446","0","0.00026078403851712446","0.00026078403851712446","142_143:0.0018844431067486234;142_141:0.002211499972325004","142_143:0.0021860542521408566;142_141:0.003478401508316936","142_143:68;142_141:68","true"
"143","176.70939855116163","60.02597708202435","0.078369140625","0.0537109375","0.10302734375","2584","0.0003692491801515275","0.0003692491801515275","0","0.0003692491801515275","0.0003692491801515275","143_142:0.0018844431067486234;143_144:0.002892122868812963;143_136:0.001956705383513835","143_142:0.0021860542521408566;143_144:0.0028172947697384376;143_136:0.0017055892206024326","143_142:68;143_144:68;143_136:68","true"
"144","114.64778459753225","104.48809663887783","0.014892578125","0.02734375","0.00244140625","2584","0.0006713378627576137","0.0006713378627576137","0","0.0006713378627576137","0.0006713378627576137","144_145:0.007673027887529604;144_143:0.002892122868812963","144_145:0.0032040427437872443;144_143:0.0028172947697384376","144_145:68;144_143:68","true"
"145","138.54127368933783","148.3178588457425","0.01806640625","0.02099609375","0.01513671875","2584","0.0002468504890990226","0.0002468504890990226","0","0.0002468504890990226","0.0002468504890990226","145_144:0.007673027887529604;145_146:0.00737050487644636","145_144:0.0032040427437872443;145_146:0.0027438894509668743","145_144:68;145_146:68","true"
"146","163.8368181647065","116.30466473578315","0.01806640625","0.01904296875","0.01708984375","2584","0.0002278444251420925","0.0002278444251420925","0","0.0002278444251420925","0.0002278444251420925","146_145:0.00737050487644636;146_147:0.004616613754158394","146_145:0.0027438894509668743;146_147:0.0032990751595940726","146_145:68;146_147:68","true"
"147","230.53568682800807","44.25283018803941","0.031982421875","0.02392578125","0.0400390625","2584","0.00047659484704933914","0.00047659484704933914","0","0.00047659484704933914","0.00047659484704933914","147_148:0.0038429182339851375;147_137:0.0030484218445132605;147_146:0.004616613754158394","147_148:0.0023996509769346197;147_137:0.00401055299841227;147_146:0.0032990751595940726","147_148:68;147_137:68;147_146:68","true"
"148","265.17833274222016","128.136301193054","0.004638671875","0.00634765625","0.0029296875","2584","0.00035515149401900024","0.00035515149401900024","0","0.00035515149401900024","0.00035515149401900024","148_147:0.0038429182339851375;148_149:0.0023671116216637533","148_147:0.0023996509769346197;148_149:0.0026069473356728212","148_147:68;148_149:68","true"
"149","207.63353330500337","101.67948585689858","0.006103515625","0.01171875","0.00048828125","2584","0.0001917438914128037","0.0001917438914128037","0","0.0001917438914128037","0.0001917438914128037","149_150:0.0034222007740504212;149_148:0.0023671116216637533","149_150:0.0017754751592677642;149_148:0.0026069473356728212","149_150:68;149_148:68","true"
"150","137.20005380223319","136.854517418201","0.016845703125","0.015625","0.01806640625","2584","0.00019618112980054387","0.00019618112980054387","0","0.00019618112980054387","0.00019618112980054387","150_149:0.0034222007740504212;150_151:0.0030737840052145193","150_149:0.0017754751592677642;150_151:0.0032336484664717002","150_149:68;150_151:68","true"
"151","235.56294353160976","86.71641220953514","0.059326171875","0.03271484375","0.0859375","2584","0.0002697205390243154","0.0002697205390243154","0","0.0002697205390243154","0.0002697205390243154","151_138:0.002634366074628691;151_152:0.04142936554660681;151_150:0.0030737840052145193","151_138:0.0028243508732258005;151_152:0.01795812483529946;151_150:0.0032336484664717002","151_138:68;151_152:68;151_150:68","true"
"152","302.13334234419654","129.07558956808649","0.00439453125","0.00439453125","0.00439453125","2584","0.0004002021807520003","0.0004002021807520003","0","0.0004002021807520003","0.0004002021807520003","152_151:0.04142936554660681;152_153:0.003568942897046734","152_151:0.01795812483529946;152_153:0.0012531130242308397","152_151:68;152_153:68","true"
"153","243.18492085847564","217.25609042738628","0.108642578125","0.0732421875","0.14404296875","2584","0.00013739090438618165","0.00013739090438618165","0","0.00013739090438618165","0.00013739090438618165","153_152:0.003568942897046734;153_154:1","153_152:0.0012531130242308397;153_154:0.0031219535659751663","153_152:68;153_154:68","true"
"154","257.50571733197233","16.69169868331746","0.013427734375","0.01123046875","0.015625","2584","0.0002810023768867519","0.0002810023768867519","0","0.0002810023768867519","0.0002810023768867519","154_153:1;154_155:0.0033593631712250382","154_153:0.0031219535659751663;154_155:0.001795448273942707","154_153:68;154_155:68","true"
"155","430.3911921950913","137.55843358758148","0.009033203125","0.01708984375","0.0009765625","2584","0.00013338396850225717","0.00013338396850225717","0","0.00013338396850225717","0.00013338396850225717","155_139:1;155_154:0.0033593631712250382","155_139:0.02892393711069413;155_154:0.001795448273942707","155_139:80;155_154:68","true"